{
  "R1": {
    "recall": {
      "1": 0.10595238095238095,
      "3": 0.40186507936507937,
      "5": 0.5874206349206349,
      "10": 0.7485714285714286
    },
    "mrr": 0.7333333333333333,
    "avg_retrieval_time": 0.025646630922953287,
    "failure_rate": 0.0,
    "total_queries": 30,
    "successful_queries": 30,
    "failed_queries": 0,
    "retriever_id": "R1",
    "retriever_name": "BaseRetriever",
    "retriever_type": "base",
    "description": "纯向量检索",
    "doc_count": 297
  },
  "R2": {
    "recall": {
      "1": 0.07126984126984127,
      "3": 0.16095238095238093,
      "5": 0.28059523809523806,
      "10": 0.46019841269841266
    },
    "mrr": 0.5700000000000001,
    "avg_retrieval_time": 9.029591584205628,
    "failure_rate": 0.0,
    "total_queries": 30,
    "successful_queries": 30,
    "failed_queries": 0,
    "retriever_id": "R2",
    "retriever_name": "RerankerRetriever",
    "retriever_type": "reranker",
    "description": "向量检索 + Reranker重排序",
    "doc_count": 297
  },
  "R3": {
    "recall": {
      "1": 0.14317460317460318,
      "3": 0.3103968253968254,
      "5": 0.41615079365079366,
      "10": 0.5973015873015872
    },
    "mrr": 0.7752777777777777,
    "avg_retrieval_time": 9.775893068313598,
    "failure_rate": 0.0,
    "total_queries": 30,
    "successful_queries": 30,
    "failed_queries": 0,
    "retriever_id": "R3",
    "retriever_name": "HyDERetriever",
    "retriever_type": "hyde",
    "description": "LLM生成假设文档 + 向量检索",
    "doc_count": 297
  }
}