{
  "R1-Vector": {
    "recall": {
      "1": 0.10595238095238095,
      "3": 0.40186507936507937,
      "5": 0.5874206349206349,
      "10": 0.7485714285714286
    },
    "mrr": 0.7333333333333333,
    "avg_retrieval_time": 0.028626004854838055,
    "failure_rate": 0.0,
    "total_queries": 30,
    "successful_queries": 30,
    "failed_queries": 0
  },
  "R2-BM25": {
    "recall": {
      "1": 0.14388888888888887,
      "3": 0.2151190476190476,
      "5": 0.22404761904761905,
      "10": 0.22404761904761905
    },
    "mrr": 0.7277777777777777,
    "avg_retrieval_time": 0.00011902650197347006,
    "failure_rate": 0.0,
    "total_queries": 30,
    "successful_queries": 30,
    "failed_queries": 0
  },
  "R3-Hybrid": {
    "recall": {
      "1": 0.09166666666666666,
      "3": 0.22940476190476192,
      "5": 0.38757936507936513,
      "10": 0.7678174603174602
    },
    "mrr": 0.6722222222222223,
    "avg_retrieval_time": 0.020909444491068522,
    "failure_rate": 0.0,
    "total_queries": 30,
    "successful_queries": 30,
    "failed_queries": 0
  }
}